id lang ,id marker,language,ISO,glottocode,geneological information,latitude,longitude,short link,pages,source,marking,strategy,productivity,collective,distributive,intRAoccasional,intERoccasional,number value
1,,Abun,kgr,abun1252,Abun,-0.57073,132.416,Berry & Berry 1999,NA,"Berry, Keith & Christine Berry. 1999. A description of Abun: a West Papuan language of Irian Jaya. (Pacific Linguistics: Series B, 115.) Canberra: Research School of Pacific and Asian Studies, Australian National University.",NA,,,,,,,
2,,Akoye,miw,akoy1238,Angan,-7.66067,145.669,Whitney & Whitney 1991,NA,"Whitney, Henry & Virginia Whitney. 1991. Akoye language grammar essentials (Kaintibe District, Gulf Province, Papua New Guinea). Ms.",NA,,,,,,,
3,1,Tainae,ago,tain1253 ,Angan,-7.40306,145.682,Carlson 1991,107-109,"Carlson, Terry. 1991. Tainae Grammar Essentials. Ukarumpa, Papua New Guinea: Unpublished Typescript, The Summer Institute of Linguistics.",suffix asi,affixation,productive,?,?,repeated,iterative,NC
3,2,Tainae,ago,,Angan,-7.40306,145.682,Carlson 1991,129,"Carlson, Terry. 1991. Tainae Grammar Essentials. Ukarumpa, Papua New Guinea: Unpublished Typescript, The Summer Institute of Linguistics.",partial reduplication,reduplication,NC,---,---,multidirectional?,---,NC
4,,Menya,mcr,meny1245,Angan,-7.17425,146.071,Whitehead 2004,NA,"Whitehead, Carl R. 2004. A Reference Grammar of Menya, an Angan Language of Papua New Guinea. Ann Arbor: University of Manitoba dissertation.",NA,,,,,,,
5,3,Marind,mrz,nucl1622,Anim,-8.15651,140.009,Olsson 2021,423-433,"Olsson, Bruno. 2021. A grammar of Coastal Marind. (Mouton Grammar Library, 87.) Berlin: Mouton de Gruyter.","prefixes l-, e-, i-, o-, u-, ablaut, stem alternation",irregular stem alternation,20%,---,"S/P, spatial","repetitive, multidirectional",iterative,>1 (may be mass nouns)
5,4,Marind,mrz,nucl1622,Anim,-8.15651,140.009,Olsson 2021,244-252,"Olsson, Bruno. 2021. A grammar of Coastal Marind. (Mouton Grammar Library, 87.) Berlin: Mouton de Gruyter.",stem alternation,irregular stem alternation,16 verbs,S/P,S/P ,---,---,>1
6,5,Momu-Fas,fqs,fass1245,Baibai-Fas,-3.10868,141.64,Honeyman 2017,224-247,"Honeyman, Thomas. 2017. A grammar of Momu, a language of Papua New Guinea. Canberra: Australian National University dissertation.","stem alternation, irregular affixes",irregular stem alternation,30%,S/P,S/P ,repeated,---,>1
6,6,Momu-Fas,fqs,fass1245,Baibai-Fas,-3.10868,141.64,Honeyman 2017,274-275,"Honeyman, Thomas. 2017. A grammar of Momu, a language of Papua New Guinea. Canberra: Australian National University dissertation.",suffix -tu,affixation,NC,---,S/A total dispersive,---,---,NC (may be mass nouns)
7,,Mali,gcc,ali1284,Baining,-4.71826,152.214,Stebbins 2011,NA,"Stebbins, Tonya N. 2011. Mali (Baining) grammar. (Pacific Linguistics, 623.) Canberra: Research School of Pacific and Asian Studies, Australian National University.",NA,,,,,,,
8,7,Qaqet,byx,qaqe1238,Baining,-4.45258,151.702,Hellwig 2019,313-314,"Hellwig, Birgit. 2019. A Grammar of Qaqet. (Mouton Grammar Library, 79.) Berlin/Boston: Berlin: Mouton.","full reduplication, partial reduplication",reduplication,restricted,---,---,continuative,charachteristic habitual,NC
9,8,Bilua,blb,bilu1245,Bilua,-7.92388,156.663,Obata 2003,72-73,"Obata, Kazuko. 2003. A Grammar of Bilua: A Papuan Language of the Solomon Islands. (Pacific Linguistics, 540.) Canberra: Research School of Pacific and Asian Studies, Australian National University.",partial reduplication,reduplication,restricted,---,---,repeated,---,NC
10,9,Kilmeri,kih,kilm1241,Border,-2.88607,141.191,Gerstner-Link 2018,"344-357, 368-378","Gerstner-Link, Claudia. 2018. A Grammar of Kilmeri. (Pacific Linguistics.) Berlin: Mouton.","stem alternation, reduplication",irregular stem alternation,19%,S/A/P,"S/A/P, dispersive",---,---,>2 or mass nouns
10,10,Kilmeri,kih,kilm1241,Border,-2.88607,141.191,Gerstner-Link 2018,357-368,"Gerstner-Link, Claudia. 2018. A Grammar of Kilmeri. (Pacific Linguistics.) Berlin: Mouton.",suffix -wepi,affixation,restricted (53 verbs),S/P,"S/P, total dispersive?",---,,>2 or mass nouns
10,11,Kilmeri,kih,kilm1241,Border,-2.88607,141.191,Gerstner-Link 2018,378-380,"Gerstner-Link, Claudia. 2018. A Grammar of Kilmeri. (Pacific Linguistics.) Berlin: Mouton.",suffix -mapi,affixation,restricted,---,---,multidirectional,"iterative, charachteristic habitual",NC
10,12,Kilmeri,kih,kilm1241,Border,-2.88607,141.191,Gerstner-Link 2018,381-382,"Gerstner-Link, Claudia. 2018. A Grammar of Kilmeri. (Pacific Linguistics.) Berlin: Mouton.",prefix wo-,affixation,NC,S/A,---,---,---,>1
11,13,Amanab,amn,aman1265,Border,-3.51516,141.178,Minch 1991,24-25,"Minch, Andrew Scott. 1991. Essential Elements of Amanab Grammar. Ann Arbor: University of Texas at Arlington MA thesis.",stem alternation,irregular stem alternation,NC,S,S ,---,---,>2
11,14,Amanab,amn,aman1265,Border,-3.51516,141.178,Minch 1991,24-25,"Minch, Andrew Scott. 1991. Essential Elements of Amanab Grammar. Ann Arbor: University of Texas at Arlington MA thesis.",vowel raising ,regular stem alternation,NC,A,A ,---,---,>2
11,15,Amanab,amn,aman1265,Border,-3.51516,141.178,Minch 1991,20-21,"Minch, Andrew Scott. 1991. Essential Elements of Amanab Grammar. Ann Arbor: University of Texas at Arlington MA thesis.",prefix fa-,affixation,NC,---,---,---,"iterative, standard habitual",NC
12,16,Imonda,imn,imon1245,Border,-3.31228,141.171,Seiler 1985,82-84,"Seiler, Walter. 1985. Imonda, a Papuan Language. (Pacific Linguistics: Series B, 93.) Pacific Linguistics. Series B-. Canberra, Australia: Canberra: Research School of Pacific and Asian Studies, Australian National University. doi: 10.21256/zhaw-4756.","vowel raising, irregular suffixation, suppletion",irregular stem alternation,NC,S/A,S/A ,---,---,>2
12,17,Imonda,imn,imon1245,Border,-3.31228,141.171,Seiler 1985,83-86,"Seiler, Walter. 1985. Imonda, a Papuan Language. (Pacific Linguistics: Series B, 93.) Pacific Linguistics. Series B-. Canberra, Australia: Canberra: Research School of Pacific and Asian Studies, Australian National University. doi: 10.21256/zhaw-4756.",suffix -uol,affixation,restricted,S/P,S/P ,---,?,>2 or mass nouns
12,18,Imonda,imn,imon1245,Border,-3.31228,141.171,Seiler 1985,88-89,"Seiler, Walter. 1985. Imonda, a Papuan Language. (Pacific Linguistics: Series B, 93.) Pacific Linguistics. Series B-. Canberra, Australia: Canberra: Research School of Pacific and Asian Studies, Australian National University. doi: 10.21256/zhaw-4756.",suffix -abu,affixation,restricted,P/BEN,P ,---,---,>1
13,19,Waris,wrs,wari1266,Border,-3.139,140.931,Brown 1990,"49-50, 55","Brown, Bob. 1990. Waris Grammar Sketch. Ukarumpa, Papua New Guinea: Unpublished Typescript, The Summer Institute of Linguistics.","vowel raising, irregular prefix a-, stem alternation",irregular stem alternation,35 verbs attested,S/A/P,S/A/P ,---,---,>2
13,20,Waris,wrs,wari1266,Border,-3.139,140.931,Brown 1990,55-58,"Brown, Bob. 1990. Waris Grammar Sketch. Ukarumpa, Papua New Guinea: Unpublished Typescript, The Summer Institute of Linguistics.",suffix -wol,affixation,NC,?,"P, cislocative",repeated,"iterative, frequentative",>1
13,21,Waris,wrs,wari1266,Border,-3.139,140.931,Brown 1990,58-59,"Brown, Bob. 1990. Waris Grammar Sketch. Ukarumpa, Papua New Guinea: Unpublished Typescript, The Summer Institute of Linguistics.",suffix -in,affixation,NC,BEN,BEN,---,---,>1
13,22,Waris,wrs,wari1266,Border,-3.139,140.931,Brown 1990,58-59,"Brown, Bob. 1990. Waris Grammar Sketch. Ukarumpa, Papua New Guinea: Unpublished Typescript, The Summer Institute of Linguistics.",suffix -hun,affixation,NC,REC,REC,---,---,>1
14,23,Aimele,ail,aime1238,Bosavi,-6.68656,142.656,Aiton 2016,180-181,"Aiton, Grant. 2016. A grammar of Eibela: a language of the Western Province, Papua New Guinea. James Cook University dissertation.","stem alternation, irregular suffixation",irregular stem alternation,restricted,S,S ,---,---,>1
14,24,Aimele,ail,aime1238,Bosavi,-6.68656,142.656,Aiton 2016,181-182,"Aiton, Grant. 2016. A grammar of Eibela: a language of the Western Province, Papua New Guinea. James Cook University dissertation.",stem alternation,irregular stem alternation,restricted,A,A ,---,---,>1
14,25,Aimele,ail,aime1238,Bosavi,-6.68656,142.656,Aiton 2016,182,"Aiton, Grant. 2016. A grammar of Eibela: a language of the Western Province, Papua New Guinea. James Cook University dissertation.",stem alternation,irregular stem alternation,restricted,P,P ,---,---,>1
14,26,Aimele,ail,aime1238,Bosavi,-6.68656,142.656,Aiton 2016,182-183,"Aiton, Grant. 2016. A grammar of Eibela: a language of the Western Province, Papua New Guinea. James Cook University dissertation.",redupliaction,reduplication,restricted,---,A/P ,?,---,>1
15,,Kaluli,bco,kalu1248,Bosavi,-6.45932,142.788,Grosh & Grosh 2004,NA,"Grosh, Andrew & Sylvia Grosh. 2004. Grammar essentials for the Kaluli language. Ms.",NA,,,,,,,
16,27,Wanam Yelmek,---,wana1273,Bulaka River,-7.451,139.108,Gregor 2021,229-233,"Gregor, Tina. 2021. A Documentation and Description of Yelmek. Australian National University dissertation.",stem alterantion,irregular stem alternation,restricted (12 verbs),S/P,S/P ,---,---,>1
17,28,Daga,dgz,daga1275,Dagan,-9.9747,149.263,Murane 1974,41,"Murane, Elizabeth. 1974. Daga Grammar: From Morpheme to Discourse. (Summer Institute of Linguistics: Publications in Linguistics, 43.) Microfiche ed. edn. Norman: Dallas, Texas: The Summer Institute of Linguistics and the University of Texas at Arlington.",stem alterantion,irregular stem alternation,4 verbs,P,P ,---,---,>1
17,29,Daga,dgz,daga1275,Dagan,-9.9747,149.263,Murane 1974,72-74,"Murane, Elizabeth. 1974. Daga Grammar: From Morpheme to Discourse. (Summer Institute of Linguistics: Publications in Linguistics, 43.) Microfiche ed. edn. Norman: Dallas, Texas: The Summer Institute of Linguistics and the University of Texas at Arlington.",full or partial reduplication,reduplication,NC,---,S/P ,repeated ?,---,NC
18,,Duna,duc,duna1248,Duna,-5.41439,142.475,San Roque 2008,NA,"San Roque, Lila. 2008. An introduction to Duna grammar. Canberra: Australian National University dissertation.",NA,,,,,,,
19,30,Meyah,mej,meya1236,East Bird's Head,-1.18016,133.618,Gravelle 2004,110-111,"Gravelle, Gilles. 2004. The Meyah Language of Papua. Vrije Universiteit Amsterdam dissertation.",partial reduplication,reduplication,NC,---,---,continuative,---,NC
20,31,Moskona,mtj,mosk1236,East Bird's Head,-1.62201,133.145,Gravelle 2010,135-137,"Gravelle, Gloria. 2010. A Grammar of Moskona: An East Bird's Head Language of West Papua, Indonesia. Amsterdam: Vrije Universiteit Amsterdam dissertation.",full reduplication,reduplication,NC,---,---,"repetitive, repeated",---,NC
21,,Sougb,mnx,mani1235 ,East Bird's Head,-1.49611,133.95,Reesink 2002,NA,"Reesink, Ger P. 2002. A Grammar Sketch of Sougb. In Ger P. Reesink (ed.), Languages of the Eastern Bird's Head, 181-276. Canberra: Research School of Pacific and Asian Studies, Australian National University.",NA,,NC,,,,,
22,32,Konai,kxw,kona1242,East Strickland,-5.66011,142.069,Årsjö 2016,"99-100, 76","Årsjö, Britten. 2016. Konai Reference Grammar. Ukarumpa: Summer Institute of Linguistics.",suffix -ga,affixation,restricted,?,S/P ,---,---,>1
22,33,Konai,kxw,kona1242,East Strickland,-5.66011,142.069,Årsjö 2016,"100-101, 76","Årsjö, Britten. 2016. Konai Reference Grammar. Ukarumpa: Summer Institute of Linguistics.",suffix -se,affixation,restricted,?,P ,---,---,>1
22,34,Konai,kxw,kona1242,East Strickland,-5.66011,142.069,Årsjö 2016,"99-100, 76","Årsjö, Britten. 2016. Konai Reference Grammar. Ukarumpa: Summer Institute of Linguistics.","suffixes -gua, -sie / -sige, stem alternation",irregular stem alternation,restricted,?,S ,---,---,>1
22,35,Konai,kxw,kona1242,East Strickland,-5.66011,142.069,Årsjö 2016,"56-57, 76, 93, 101","Årsjö, Britten. 2016. Konai Reference Grammar. Ukarumpa: Summer Institute of Linguistics.","full reduplication, partial reduplication",reduplication,NC,---,P,"repetitive, repeated","iterative, standard habitual",NC
23,36,Odoodee,kkc,odoo1238,East Strickland,-6.59222,142.486,Hays & Hays 2002,29-31,"Hays, Darrell & Kerttu Hays. 2002. Odoodee Grammar Essentials. Ms.","irregular suffixes, stem alternation",irregular stem alternation,NC,S/P,S/P ?,---,---,>1
24,,Meriam,ulk,meri1244,Eastern Trans-Fly,-9.59575,143.773,Piper 1989,NA,"Piper, Nick. 1989. A Sketch Grammar of Meryam Mer. Australian National University MA thesis.",NA,,,,,,,
25,37,Wipi,gdr,wipi1242,Eastern Trans-Fly,-8.79741,143.064,Dondorp & Shim 2013 [1997],41,"Dondorp, Anne & Jae-Wook Shim. 2013 [1997]. Wipi Grammar Essentials. Ms.",suffix -en,affixation,productive,---,---,repetitive,"iterative, standard habitual",NC
25,38,Wipi,gdr,wipi1242,Eastern Trans-Fly,-8.79741,143.064,Dondorp & Shim 2013 [1997],32-34,"Dondorp, Anne & Jae-Wook Shim. 2013 [1997]. Wipi Grammar Essentials. Ms.","vowel alternation, stem alternation",irregular stem alternation,NC,S/P/R,S/P/R,---,---,>1
25,39,Wipi,gdr,wipi1242,Eastern Trans-Fly,-8.79741,143.064,Dondorp & Shim 2013 [1997],36-37,"Dondorp, Anne & Jae-Wook Shim. 2013 [1997]. Wipi Grammar Essentials. Ms.",suffix -in,affixation,NC,S/P,S/P ,---,---,>2
26,40,Fasu,faa,fasu1242,Fasu,-6.62687,143.284,Loeweke & May 1980,44-45,"Loeweke, Eunice & Jean May. 1980. General grammar of Fasu (Namo Me). In Don Hutchisson (ed.), Grammatical studies in Fasu and Mt. Koiali, 5-106. Ukarumpa: Summer Institute of Linguistics.",stem alternation,irregular stem alternation,restricted,S/P,S/P ,---,---,NC
27,,Fuyug,fuy,fuyu1242,Fuyug,-8.6371,147.312,Bradshaw 2007,NA,"Bradshaw, Robert. 2007. Fuyug grammar sketch. (Data Papers on Papua New Guinea Languages, 53.) Ukarumpa, Papua New Guinea: SIL-PNG Academic Publications.",NA,,,,,,,
28,,Hatam,had,hata1243,Hatam-Mansim,-1.13531,134.037,Reesink 1999,NA,"Reesink, Ger P. 1999. A Grammar of Hatam: Bird's Head Peninsula Irian Jaya. (Pacific Linguistics: Series C, 146.) Canberra Australia: Canberra: Research School of Pacific and Asian Studies, Australian National University.",NA,,,,,,,
29,,Suabo,szp,suab1238,Inanwatan,-2.07971,132.157,Vries 2004,NA,"Vries, Lourens J. de. 2004. A short grammar of Inanwatan: an endangered language of the Bird's head of Papua, Indonesia. (Pacific Linguistics, 560.) Canberra: Research School of Pacific and Asian Studies, Australian National University.",NA,,,,,,,
30,41,Kamula,xla,amu1260,Kamula-Elevala,-7.28798,142.639,Routamaa 1994,"22, 23","Routamaa, Judy. 1994. Kamula grammar essentials. Ms. (Available at \url{http://www.sil.org/pacific/png/abstract.asp?id=50209} accessed 1 August 2008).",partial reduplication,reduplication,NC,S/P,S/P ,repeated,---,NC
30,42,Kamula,xla,amu1260,Kamula-Elevala,-7.28798,142.639,Routamaa 1994,22-23,"Routamaa, Judy. 1994. Kamula grammar essentials. Ms. (Available at \url{http://www.sil.org/pacific/png/abstract.asp?id=50209} accessed 1 August 2008).",stem alternation,irregular stem alternation,NC,S/P,S/P ,---,---,>1
31,43,Pondi,lnm,lang1328,Keram,-4.32557,143.925,Barlow 2020,124,"Barlow, Russell. 2020. A sketch grammar of Pondi. Canberra: ANU Press. doi: 10.22459/SGP.2020.",stem alternation,irregular stem alternation,1 verb,S,S ,?,---,NC
32,44,Ulwa,yla,yaul1241,Keram,-4.39912,143.993,Barlow 2023,138-139,"Barlow, Russell. 2023. A grammar of Ulwa. Berlin: Language Science Press.",stem alternation,irregular stem alternation,1 verb,S,S ,---,---,NC
33,45,Kibiri,prm,kibi1239,Kibiri,-7.45276,144.296,Velásquez 2023,,"Velásquez, M. 2023. Verbal Number in Kibiri. Current Trends in Papuan Linguistics II Conference.",partial reduplication,reduplication,NC,S/P,S/P ,repeated,---,NC
33,46,Kibiri,prm,kibi1239,Kibiri,-7.45276,144.296,Velásquez 2023,,"Velásquez, M. 2023. Verbal Number in Kibiri. Current Trends in Papuan Linguistics II Conference.",stem alternation,irregular stem alternation,NC,S/P,S/P ?,---,---,NC
33,47,Kibiri,prm,kibi1239,Kibiri,-7.45276,144.296,Velásquez 2024,,"Velásquez, M. 2023. Verbal Number in Kibiri. Current Trends in Papuan Linguistics II Conference.",suffix -sto,affixation,NC,S/P,S/P ?,---,---,NC
34,48,Northeast Kiwai,kiw,nort2930,Kiwaian,-7.39215,144.667,Schulz & Petterson 2022,85,"Schulz, Hanna & Robert G. Petterson. 2022. Studies in Kope. (Data Papers on Papua New Guinea Languages, 64.) Papua New Guinea: SIL-PNG Academic Publications.",vowel alternation,irregular stem alternation,restricted,---,P ,---,---,NC
34,49,Northeast Kiwai,kiw,nort2930,Kiwaian,-7.39215,144.667,Schulz & Petterson 2022,124-132,"Schulz, Hanna & Robert G. Petterson. 2022. Studies in Kope. (Data Papers on Papua New Guinea Languages, 64.) Papua New Guinea: SIL-PNG Academic Publications.",prefix i-,affixation,productive,P/BEN,P/BEN,---,---,>1
34,50,Northeast Kiwai,kiw,nort2930,Kiwaian,-7.39215,144.667,Schulz & Petterson 2022,88-92,"Schulz, Hanna & Robert G. Petterson. 2022. Studies in Kope. (Data Papers on Papua New Guinea Languages, 64.) Papua New Guinea: SIL-PNG Academic Publications.",suffix -uti,affixation,NC,---,P ,---,---,NC
34,51,Northeast Kiwai,kiw,nort2930,Kiwaian,-7.39215,144.667,Schulz & Petterson 2022,88-92,"Schulz, Hanna & Robert G. Petterson. 2022. Studies in Kope. (Data Papers on Papua New Guinea Languages, 64.) Papua New Guinea: SIL-PNG Academic Publications.",suffix -tuti,affixation,NC,---,S/A/P,?,---,NC
34,52,Northeast Kiwai,kiw,nort2930,Kiwaian,-7.39215,144.667,Schulz & Petterson 2022,59-60,"Schulz, Hanna & Robert G. Petterson. 2022. Studies in Kope. (Data Papers on Papua New Guinea Languages, 64.) Papua New Guinea: SIL-PNG Academic Publications.",suffix -umo,affixation,productive,S/A,S/A,---,---,>2
35,53,Koitabu,kqi,koit1244,Koiorian,-9.36877,147.079,Dutton 1975,"324-325, 334-336","Dutton, Tom E. 1975. A Koita grammar sketch and vocabulary. In Tom E. Dutton (ed.), Studies in languages of Central and South-East Papua, 281-412. Canberra: Research School of Pacific and Asian Studies, Australian National University.","stem alternation, irregular affixation",irregular stem alternation,productive,S/P,S/P ,---,---,>1
36,,Kunimaipa,kup,kuni1267,Kunimaipan,-8.09371,146.908,Geary 1977,NA,"Geary, Elaine. 1977. Kunimaipa grammar: Morphophonemics to discourse. (Workpapers in Papua New Guinea Languages, 23.) Ukarumpa: Summer Institute of Linguistics.",NA,,,,,,,
37,54,Kuot,kto,kuot1243,Kuot,-3.06952,151.537,Lindström 2002,6-7,"Lindström, Eva. 2002. Topics in the Grammar of Kuot. Stockholm University dissertation.",prefix da-,affixation,restricted,---,---,---,frequentative,NC
38,55,Kwomtari,kwo,nucl1593,Kwomtari-Nai,-3.50718,141.488,Spencer 2008,102-104,"Spencer, Katharine. 2008. Kwomtari grammar essentials. In et al., Murray Honsberger (ed.), Kwomtari phonology and grammar essentials, 53-183. Ukarumpa, Papua New Guinea: SIL-PNG Academic Publications.","stem alternation, irregular affixetion, partial reduplication",irregular stem alternation,18 verbs,S/P,S/P,---,---,NC
39,56,Abawiri,flh,foau1240,Lakes Plain,-3.04582,139.213,Yoder 2020,285-291,"Yoder, Brendon. 2020. A grammar of Abawiri, a Lakes Plain language of Papua, Indonesia. University of California at Santa Barbara dissertation.",prefix to-,affixation,8 verbs,?,S ,repetitive,standard habitual,>1
39,57,Abawiri,flh,foau1240,Lakes Plain,-3.04582,139.213,Yoder 2020,291-292,"Yoder, Brendon. 2020. A grammar of Abawiri, a Lakes Plain language of Papua, Indonesia. University of California at Santa Barbara dissertation.",prefix sre-,affixation,3 verbs,---,P ,repetitive,---,>1
39,58,Abawiri,flh,foau1240,Lakes Plain,-3.04582,139.213,Yoder 2020,292-293,"Yoder, Brendon. 2020. A grammar of Abawiri, a Lakes Plain language of Papua, Indonesia. University of California at Santa Barbara dissertation.",prefix gwa-,affixation,NC,S,S ,repeated,?,>1
40,,Fayu,fau,fayu1238,Lakes Plain,-3.14497,136.867,Maitland 2020,NA,"Maitland, Page Alana Ogilvie. 2020. A grammatical description of Fayu: a Western Lakes Plain language of West Papua. University of Newcastle MA thesis.",NA,,,,,,,
41,,Iau,tmu,iauu1242,Lakes Plain,-3.14537,137.69,Bateman 2021,NA,"Bateman, Janet. 2021. Grammatical Overview of Iau Revision 3. Ms.",NA,,,,,,,
42,59,Lavukaleve,lvk,lavu1241,Lavukaleve,-9.05569,159.119,Terrill 2003,345-346,"Terrill, Angela. 2003. A Grammar of Lavukaleve. (Mouton Grammar Library, 30.) Berlin, New York: Berlin: Mouton de Gruyter. doi: 10.1515/9783110923964.",suffix -la,affixation,restricted,---,P dispersive,"multidirectional, continuative",---,NC
42,60,Lavukaleve,lvk,lavu1241,Lavukaleve,-9.05569,159.119,Terrill 2003,35-36,"Terrill, Angela. 2003. A Grammar of Lavukaleve. (Mouton Grammar Library, 30.) Berlin, New York: Berlin: Mouton de Gruyter. doi: 10.1515/9783110923964.",partial reduplication,reduplication,NC,---,---,continuative,---,NC
43,61,Amanab,amm,amap1240,Left May,-4.20192,141.658,Årsjö 1999,59,"Årsjö, Britten. 1999. Words in Ama. Uppsala: Uppsala Universitet MA thesis.","stem alternation, reduplication, irregular suffixation",irregular stem alternation,many,S/P,S/P ,---,---,>1 (>2 for some verbs)
44,62,Murik,mtf,muri1260,Lower Sepik ,-3.86959,144.166,Schmidt 1953,551-552,"Schmidt, Joseph. 1953. Vokabular und grammatik der Murik-Sprache in Nordost-Neuguinea. (Micro-Bibliotheca Anthropos, 3.) Posieux: Anthropos Institut. (Microfilm).",stem alternation,irregular stem alternation,NC,S/P,S/P ,repeated,---,>2
45,63,Yimas,yee,yima1243,Lower Sepik ,-4.71731,143.572,Foley 1991,71,"Foley, William A. 1991. The Yimas Language of New Guinea. Stanford: Stanford University Press.","full reduplication, partial reduplication",reduplication,productive,---,---,repeated,---,NC
46,,Kopar,xop,kopa1248,Lower Sepik ,-3.98259,144.466,Foley 2022,NA,"Foley, William A. 2022. A Sketch Grammar of Kopar: A Language of New Guinea. (667.) Canberra: Pacific Linguistic.",NA,,,,,,,
47,,Doromu-Koki,kqc,doro1266,Manubaran,-9.56687,147.986,Bradshaw 2012,NA,"Bradshaw, Robert L. 2012. Doromu-Koki grammar sketch. (Data Papers in Papua New Guinea Languages, 58.) Ukarumpa: SIL-PNG Academic Publications.",NA,,,,,,,
48,64,Marori,mok,moro1289,Marori,-8.5692,140.688,Arka & Dalrymple 2022,589-590,"Arka, Wayan & Mary Dalrymple. .2022. Number in Marori. In Paolo Acquaviva & Michael Daniel (eds.), Number in the World's Languages: A Comparative Handbook, 577-606. Berlin: DeGruyter Mouton.",stem alternation,irregular stem alternation,restricted,S/P,S/P ,repeated,---,>2
48,65,Marori,mok,moro1290,Marori,-8.5692,140.688,Arka & Dalrymple 2022,591-592,"Arka, Wayan & Mary Dalrymple. .2022. Number in Marori. In Paolo Acquaviva & Michael Daniel (eds.), Number in the World's Languages: A Comparative Handbook, 577-606. Berlin: DeGruyter Mouton.",suffix -ro (-re/-ri/-ra),affixation,productive,?,S/A,repetitive,---,>2
49,,Maybrat,ayz,maib1239,Maybratic,-1.3679,132.591,Dol 2007,NA,"Dol, Philomena. 2007. A grammar of Maybrat: a language of the Bird's Head Peninsula, Papua Province, Indonesia. (Pacific Linguistics, 586.) Canberra: Pacific Linguistics.",NA,,,,,,,
50,,Ambulas,abt,ambu1247,Ndu,-3.7801,143.059,Wilson 1980,NA,"Wilson, Patricia R. 1980. Ambulas Grammar. (Workpapers in Papua New Guinea Languages, 26.) Ukarumpa, Papua New Guinea: The Summer Institute of Linguistics. (http://www.sil.org/pacific/png/abstract.asp?id=21876).",NA,,,,,,,
51,,Hanga Hundi,wos,hang1263,Ndu,-3.90364,142.849,Wendel 1993,NA,"Wendel, Thomas Dewayne. 1993. A Preliminary Grammar of Hanga Hundi (Papua New Guinea). University of Texas at Arlington MA thesis.",NA,,,,,,,
52,,Iatmul,ian,iatm1242,Ndu,-4.30064,143.316,Jendraschek 2012,NA,"Jendraschek, Gerd. 2012. A grammar of Iatmul. Regensburg: Habilitationsschrift, Fakultät für Sprach-, Literatur- und Kulturwissenschaften, Universität Regensburg. (Habilitationsschrift, Universität Regensburg).",NA,,,,,,,
53,66,Manambu,mle,mana1298,Ndu,-4.19082,142.862,Aikhenvald 2008,271-273,"Aikhenvald, Alexandra Y. 2008. The Manambu language of East Sepik, Papua New Guinea. Oxford: Oxford University Press.",partial reduplication,reduplication,restricted,---,---,"repeated, multidirectional",---,NC
54,67,Nimboran,nir,nucl1633,Nimboranic,-2.5803,140.179,May 1997,90-91,"May, Kevin. 1997. A Study of the Nimboran Language: Phonology, morphology, and phrase structure. LaTrobe University MA thesis.",suffix -ka,affixation,NC,---,---,"repetitive, repeated",?,NC
55,68,Tidore,tvo,tido1248,North Halmahera,0.02461,127.746,Staden 2010,188,"Staden, Miriam van. 2010. A Grammar of Tidore. Mouton.",full reduplication,reduplication,NC,---,P,multidirectional?,"standard habitual, characteristic habitual",NC
56,69,Ternate,tft,tern1247,North Halmahera,0.80562,127.333,Hayami-Allen 2001,120-121,"Hayami-Allen, Rika. 2001. A Descriptive Study of the Language of Ternate, the Northern Moluccas, Indonesia. Pittsburgh: University of Pittsburgh dissertation.",full reduplication,reduplication,NC,---,"S/P, S/P dispersive","repetitive, repeated",---,NC
57,70,Pagu,pgu,pagu1249,North Halmahera,1.2134,127.78,Angin 2018,67,"Angin, Dalan Mehuli Perangin. 2018. A Descriptive Grammar of the Pagu Language. University of Hong Kong dissertation.",partial reduplication,reduplication,NC,---,---,repeated ?,---,NC
58,71,Tabaru,tby,taba1263,North Halmahera,1.46563,127.633,Kotynski 1988,168,"Kotynski, Edward. 1988. Tabaru phonology and morphology. University of North Dakota MA thesis.",partial reduplication,reduplication,NC,---,---,"repeated, continuative",---,NC
59,,Abu' Arapeshan,aah,abua1245,Nuclear Torricelli,-3.461612,142.917031,Nekitel 1985,NA,"Nekitel, Otto. 1985. Sociolinguistic Aspects of Abu', a Papuan Language of the Sepik Area, Papua New Guinea. Australian National University dissertation.",NA,,,,,,,
60,,Bukiyip ,ape,buki1249,Nuclear Torricelli,-3.47169,143.111,Conrad & Wogiga 1991,NA,"Conrad, Robert J. & Kepas Wogiga. 1991. An Outline of Bukiyip Grammar. (Pacific Linguistics: Series C, 113.) Pacific Linguistics: Series C. Canberra: Research School of Pacific and Asian Studies, Australian National University.",NA,,,,,,,
61,72,Aro-Mukweym-Orok,tei,torr1259,Nuclear Torricelli,-3.45292,142.622,Drinfeld 2024,201-212,"Drinfeld, Andrey. 2024. A Grammar of Aro, a Torricelli language of Papua New Guinea. State University of New York at Buffalo dissertation.","stem alternation, irregular suffixation, full reduplication, partial reduplication",irregular stem alternation,40 verbs attested ,S/P,"S/P, resultative",repeated,---,NC
62,,Kombio, xbi,komb1272,Nuclear Torricelli,-3.48467,142.694,Farr 1992,NA,"Farr, Joan (Henry). 1992. Kombio Grammar Essentials. Ms.",NA,,,,,,,
63,73,Urim,uri,urim1252,Nuclear Torricelli,-3.58018,142.653,Hemmilä & Luoma 1987,119-121,"Hemmilä, Ritva & Pirkko Luoma. 1987. Urim grammar. Ukarumpa: SIL. Ms.",full reduplication,reduplication,NC,---,S/P ,multidirectional,"iterative, standard habitual, characteristic habitual",NC
64,74,Yeri,yev,yapu1240 ,Nuclear Torricelli,-3.47256,142.436,Wilson 2017,116-117,"Wilson, Jennifer. 2017. A grammar of Yeri: A Torricelli language of Papua New Guinea. Buffalo: State University of New York at Buffalo dissertation.",partial reduplication,reduplication,NC,---,---,"repetitive, repeated",---,NC
65,,Awar,aya,awar1249,Ramu,-4.13554,144.836,Levy 2002,NA,"Levy, Catherine. 2002. A tentative description of Awar phonology and morphology (Lower Ramu family, Papua-New Guinea). Bruxelles: Université Libre de Bruxelles dissertation.",NA,,,,,,,
66,75,Savosavo,svs,savo1255 ,Savosavo,-9.12853,159.814,Wegener 2012,183-186,"Wegener, Claudia U. 2012. A grammar of Savosavo. (Mouton Grammar Library, 61.) Berlin, Boston: Berlin: Mouton de Gruyter. doi: 10.1515/9783110289657.",partial reduplication,reduplication,NC,---,---,"repeated, multidirectional",---,NC
67,76,Dera (Indonesia),kbv,dera1245,Senagi,-3.52309,140.947,Sousa 2006,270-276,"Sousa, Hilário de. 2006. The Menggwa Dla language of New Guinea. Sydney: University of Sydney dissertation.",stem alternation,irregular stem alternation,productive,S/P,S/P ,---,---,>2
68,77,Sentani,set,nucl1632,Sentanic,-2.6013,140.512,Mayer 2021,57-58,"Mayer, Clemens J. 2021. A grammar sketch of Sentani. Leiden University MA thesis.",suffix -ko,affixation,NC,P,P ,repeated,---,NC
69,78,Kapriman,dju,kapr1245,Sepik,-4.51011,143.241,Sumbuk 1999,162-163,"Sumbuk, Kenneth Memson. 1999. Morphosyntax of Sare. Waikato, NZ: University of Waikato dissertation.",full reduplication,reduplication,productive,---,---,repetitive,iterative,NC
70,79,Yessan-Mayo,yss,yess1239,Sepik,-4.15721,142.574,Foreman 1974,47,"Foreman, Velma M. 1974. Grammar of Yessan-Mayo. (Language Data: Asian-Pacific Series, 4.) Ukarumpa, Papua New Guinea: Santa Ana: Summer Institute of Linguistics.",full reduplication + stem alternation,reduplication,NC,---,P dispersive,---,---,NC
71,,Abau,aau,abau1245,Sepik,-3.97222,141.324,Lock 2011,NA,"Lock, Arnold. 2011. Abau grammar. (Data Papers on Papua New Guinea Languages, 57.) Papua New Guinea: SIL-PNG Academic Publications.",NA,,,,,,,
72,80,Mehek,nux,mehe1243,Sepik,-3.70927,142.498,Hatfield 2016,230-231,"Hatfield, Adam. 2016. A grammar of Mehek. Buffalo: State University of New York at Buffalo dissertation.",suffix -yu,affixation,NC,---,---,"repeated, continuative",frequentative,NC
73,81,Awtuw,kmn,awtu1239,Sepik,-3.53129,141.928,Feldman 1986,71-73,"Feldman, Harry. 1986. A Grammar of Awtuw. (Pacific Linguistics: Series B, 94.) Canberra: Research School of Pacific and Asian Studies, Australian National University.",suffix -m / -mem / -nem,affixation,NC,S/A,S/A ,---,---,>1
74,,Alamblak,amp,alam1246,Sepik,-4.66307,143.316,Bruce 1979,NA,"Bruce, Leslie P., Jr. 1979. A Grammar of Alamblak (Papua New Guinea). Canberra: Australian National University dissertation.",NA,,,,,,,
75,,Pouye,bye,pouy1238,Sepik,-3.72704,141.864,Dede & Reuter 2011,NA,"Dede, Wendy & Dorothea Reuter. 2011. Pouye Grammar Essentials. SIL international.",NA,,,,,,,
76,,Mende (Papua New Guinea),sim,mend1268,Sepik,-3.67233,142.683,Hoel et al. 1994,NA,"Hoel, Hanna Marie, Tarja Ikäheimonen & Michiyo Nozawa. 1994. Mende Grammar Essentials. Ukarumpa, Papua New Guinea: Unpublished Typescript, The Summer Institute of Linguistics.",NA,,,,,,,
77,82,Skou,skv,nucl1634,Sko,-2.64378,140.902,Donohue 2005,231-232,"Donohue, Mark. 2005. Draft Forthcoming Skou Reference Grammar. Ms.",stem alternation,irregular stem alternation,restricted,S/P,S/P ,---,---,>1
78,,I'saka,ksi,kris1246,Sko,-2.80084,141.303,Donohue & San Roque 2004,NA,"Donohue, Mark & Lila San Roque. 2004. I'saka: a sketch grammar of a language of north-central New Guinea. (Pacific Linguistics, 554.) Canberra: Research School of Pacific and Asian Studies, Australian National University.",NA,,,,,,,
79,83,Bauni,bpe,wara1302,Sko,-3.07263,142.012,Corris 2006,91,"Corris, Miriam. 2005. A grammar of Barupu, a language of Papua New Guinea. Sydney: University of Sydney dissertation.",stem alternation,irregular stem alternation,2 verbs,---,S/P ,---,---,NC
79,84,Bauni,bpe,wara1302,Sko,-3.07263,142.012,Corris 2006,306-308,"Corris, Miriam. 2005. A grammar of Barupu, a language of Papua New Guinea. Sydney: University of Sydney dissertation.",partial reduplication,reduplication,NC,---,S/P,"repetitive, repeated, multidirectional",---,NC
80,85,Wutung,wut,wutu1244,Sko,-2.64636,141.104,Marmion 2010,308,"Marmion, Douglas E. 2010. Topics in the Phonology and Morphology of Wutung. Australian National University dissertation.",stem alternation,irregular stem alternation,1 verb,A,?,---,---,>1
81,,Siwai,siw,siwa1245,South Bougainville,-6.6429,155.452,Onishi 1994,NA,"Onishi, Masayuki. 1994. A Grammar of Motuna (Bougainville, Papua New Guinea). Canberra: Australian National University dissertation.",NA,,,,,,,
82,86,Suki,sui,suki1245,Suki-Gogodala,-8.04783,141.842,Tongeren 2022,206-210,"Tongeren, Charlotte van. 2022. A grammar of Suki. Australian National University dissertation.","irregular affixation, stop repetition, stem alternation",irregular stem alternation,restricted,S/P,S/P,---,---,>1
82,87,Suki,sui,suki1245,Suki-Gogodala,-8.04783,141.842,Tongeren 2022,206-210,"Tongeren, Charlotte van. 2022. A grammar of Suki. Australian National University dissertation.",stop repetition,regular stem alternation,restricted,---,---,---,"iterative, characteristic habitual",NC
83,88,Taiap,gpn,taia1239,Taiap,-4.05047,144.506,Kulick & Terrill 2019,158-159,"Kulick, Don & Angela Terrill. 2019. A Grammar and Dictionary of Tayap: The Life and Death of a Papuan Language. (Pacific Linguistics, 661.) Berlin: DeGruyter Mouton. doi: 10.1515/9781501512209.",full reduplication,reduplication,restricted,---,---,repetitive,---,NC
84,,Taulil,tuh,taul1251,Taulil-Butam,-4.44425,152.095,Meng 2018,NA,"Meng, Chenxi. 2018. A grammar of Tulil. Melbourne: LaTrobe University dissertation.",NA,,,,,,,
85,89,Abui,abz,abui1241,Timor-Alor-Pantar,-8.31058,124.588,Kratochvíl 2007,92,"Kratochvíl, František. 2007. A Grammar of Abui: A Papuan Language of Alor. 157. Utrecht: Rijksuniversiteit te Leiden dissertation.",stem alternation,irregular stem alternation,restricted,---,---,"repetitive, repeated ?",---,NC
86,90,Reta,ret,rett1240,Timor-Alor-Pantar,-8.22481,124.36,Willemsen 2021,403-405,"Willemsen, Jeroen. 2021. A Grammar of Reta. Aarhus University dissertation.",partial reduplication,reduplication,NC,---,---,?,"standard habitual, characteristic habitual",NC
86,91,Reta,ret,rett1240,Timor-Alor-Pantar,-8.22481,124.36,Willemsen 2021,403-405,"Willemsen, Jeroen. 2021. A Grammar of Reta. Aarhus University dissertation.",full reduplication,reduplication,NC,?,S/A/P ,?,---,NC
87,92,Klon,kyo,kelo1247,Timor-Alor-Pantar,-8.40688,124.429,Baird 2008,105,"Baird, Louise. 2008. A grammar of Klon: a non-Austronesian language of Alor, Indonesia. (Pacific Linguistics, 596.) Canberra: Pacific Linguistics, Research School of Pacific and Asian Studies, The Australian National University.","full reduplication, partial reduplication",reduplication,NC,---,---,repeated,---,NC
88,,Teiwa,twe,teiw1235,Timor-Alor-Pantar,-8.37662,124.174,Klamer 2010,NA,"Klamer, Marian. 2010. A Grammar of Teiwa. (Mouton Grammar Library, 49.) Berlin: Mouton de Gruyter. doi: 10.1515/9783110226072.",NA,,,,,,,
89,,Adang,adn,adan1251,Timor-Alor-Pantar,-8.18958,124.448,Haan 2001,NA,"Haan, Johnson Welem. 2001. The Grammar of Adang: A Papuan Language Spoken on the Island of Alor East Nusa Tenggara- Indonesia. Sydney: University of Sydney dissertation.",NA,,,,,,,
90,93,Bunak,bfn,buna1278,Timor-Alor-Pantar,-9.13618,125.216,Schapper 2022,405-406,"Schapper, Antoinette. 2022. A grammar of Bunaq. (Mouton Grammar Library, 86.) Berlin: DeGruyter Mouton.",prefix tV-,affixation,NC,---,---,repetitive,---,NC
91,94,Fataluku,ddg,fata1247 ,Timor-Alor-Pantar,-8.49464,127.08,Engelenhoven & Huber 2020,361-362,"Engelenhoven, Aone van & Juliette Huber. 2020. East Fataluku. In Schapper, Antoinette (ed.), The Papuan languages of Timor-Alor-Pantar: Sketch grammars Volume 3, 347-426. Berlin: Mouton de Gruyter.","full reduplication, partial reduplication",reduplication,productive,---,P ?,repeated ?,standard habitual ?,NC
91,95,Fataluku,ddg,fata1247 ,Timor-Alor-Pantar,-8.49464,127.08,Engelenhoven & Huber 2020,398-401,"Engelenhoven, Aone van & Juliette Huber. 2020. East Fataluku. In Schapper, Antoinette (ed.), The Papuan languages of Timor-Alor-Pantar: Sketch grammars Volume 3, 347-426. Berlin: Mouton de Gruyter.","stem alternation, affixation",irregular stem alternation,restricted,S,S ,---,---,>1
92,96,Maklere,mjb,makl1245,Timor-Alor-Pantar,,,Huber 2011,138-140,"Huber, Juliette. 2011. A grammar of Makalero: A Papuan language of East Timor. Utrecht: Vrije Universiteit Amsterdam dissertation.","full reduplication, partial reduplication",reduplication,restricted,---,S/P ,"repetitive, multidirectional",---,>1
92,97,Maklere,mjb,makl1245,Timor-Alor-Pantar,,,Huber 2011,130-131,"Huber, Juliette. 2011. A grammar of Makalero: A Papuan language of East Timor. Utrecht: Vrije Universiteit Amsterdam dissertation.",stem alternation,irregular stem alternation,restricted,S,S ,---,---,>1
93,98,Berik,bkl,beri1254,Tor-Orya,-2.26904,138.866,Westrum 1980,27-28,"Westrum, Peter. 1980. A grammatical sketch of Berik. University of North Dakota MA thesis.",stem alternation,irregular stem alternation,restricted,S/P,S/P ,---,---,>2
94,,Touo,tqu,touo1238,Touo,-8.58405,157.296,Frahm 1998,NA,"Frahm, Roxanne Margaret. 1998. Baniata Serial Verb Constructions. University of Auckland MA thesis.",NA,,,,,,,
95,99,North Muyu,kti,nort2916,Trans New Guinea: Asmat-Awyu-Ok,-5.55319,140.84,Zahrer 2023,307-329,"Zahrer, Alexander. 2023. A grammar of Muyu: A Lowland Ok language of Western New Guinea. Westfälische Wilhelms-Universität zu Münster dissertation.","stem alternation, irregular suffixation",irregular stem alternation,39 verbs attested,S/P,S/P ,repeated,?,>1
96,100,Central Asmat,cns,cent2117,Trans New Guinea: Asmat-Awyu-Ok,-5.80391,138.471,Drabbe 1959,10-11,"Drabbe, Petrus. 1959. Grammar of the Asmat Language. Syracuse, Indiana: Our Lady of the Lake Press.","stem alternation, partial reduplication",irregular stem alternation,restricted,---,"P, resultative",repetitive,---,NC
97,,Mian,mpt,mian1256,Trans New Guinea: Asmat-Awyu-Ok,-4.70881,141.523,Fedden 2011,NA,"Fedden, Sebastian Olcher. 2011. A Grammar of Mian. (Mouton Grammar Library, 55.) Berlin, Boston: Berlin: Mouton de Gruyter. doi: 10.1515/9783110264197.",NA,,,,,,,
98,,Oksapmin,opm,oksa1245,Trans New Guinea: Asmat-Awyu-Ok,-5.20797,142.177,Loughnane 2009,NA,"Loughnane, Robyn. 2009. A grammar of Oksapmin. Melbourne: University of Melbourne dissertation.",NA,,,,,,,
99,101,Aghu,ahh,aghu1255,Trans New Guinea: Asmat-Awyu-Ok,-6.34674,140.043,Heuvel 2016,"82-87, 171","Heuvel, Wilco van den. 2016. Aghu: annotated texts with grammatical introduction and vocabulary lists. (Asia-Pacific Linguistics, 33.) Canberra: Australian National University.","stem alternation, full reduplication, partial reduplication, irregular suffixation",irregular stem alternation,restricted,---,S/P ,"repeated, multidirectional",---,NC
100,,Wambon,wms,wamb1259,Trans New Guinea: Asmat-Awyu-Ok,-5.44334,140.48,Vries & Vries-Wiersma 1992,NA,"Vries, Lourens de & Robinia de Vries-Wiersma. 1992. The Morphology of Wambon of the Irian Jaya Upper-Digul Area. (Verhandelingen van het Koninklijk Instituut voor Taal-, Land- en Volkenkunde, 151.) Leiden: The KITLV Press.",NA,,,,,,,
101,102,Faiwol,fai,faiw1243,Trans New Guinea: Asmat-Awyu-Ok,-5.4967,141.656,Mecklenburg & Mecklenburg 1977,31,"Mecklenburg, Frank & Charlotte Mecklenburg. 1977. A brief grammar of Faiwol. Ms.",suffix am-,affixation,NC,---,---,---,iterative,NC
102,103,Yonggom,yon,yong1280,Trans New Guinea: Asmat-Awyu-Ok,-6.42956,141.213,Christensen 2013,22-24,"Christensen, Steve. 2013. Yongkom reference grammar. Ukarumpa: Ukarumpa, Papua New Guinea: Unpublished Typescript, The Summer Institute of Linguistics.",stem alternation,irregular stem alternation,NC,S/P,S/P ,repeated,---,>1
103,,Dom,doa,domm1246,Trans New Guinea: Chimbu-Wahgi,-6.03737,144.895,Tida 2006,NA,"Tida, Syuntarô. 2006. A grammar of the Dom language: A Papuan Language of Papua New Guinea. Kyoto: Kyoto University dissertation.",NA,,,,,,,
104,,Wahgi,wgi,nucl1620,Trans New Guinea: Chimbu-Wahgi,-6.11629,144.665,Phillips 1976,NA,"Phillips, Donald J. 1976. Wahgi Phonology and Morphology. (Pacific Linguistics: Series B, 36.) Canberra: Research School of Pacific and Asian Studies, Australian National University.",NA,,,,,,,
105,104,Umbu-Ungu,ubu,umbu1258,Trans New Guinea: Chimbu-Wahgi,-5.9513,143.97,Head 2011,62,"Head, June. 2011. A grammar of Umbu-Ungu. Ukarumpa: Ms., SIL.",suffix -poupou,affixation,NC,---,---,"repeated, multidierctional",?,NC
106,,Golin,gvf,goli1247,Trans New Guinea: Chimbu-Wahgi,-6.2249,144.8505,Evans et al. 2005,NA,"Evans, Nicholas (ed.) 2005. Materials on Golin : grammar, texts and dictionary. Melbourne: Univ.",NA,,,,,,,
107,,Lower Grand Valley Dani,dni,lowe1415,Trans New Guinea: Dani,-4.25684,138.992,Bromley 1981,NA,"Bromley, Myron H. 1981. A Grammar of Lower Grand Valley Dani. (Pacific Linguistics: Series C, 63.) Canberra: Research School of Pacific and Asian Studies, Australian National University.",NA,,,,,,,
108,105,Western Dani,dnw,west2594,Trans New Guinea: Dani,-3.77127,138.217,Barclay 2008,307-315,"Barclay, Peter. 2008. A Grammar of Western Dani. (LINCOM Grammar Handbooks, 01.) München: Lincom. (Also as 2004 Towards a Grammar of Western Dani, PhD from Monash U.)","suffix -kak and its allomorphs, usually followed by an auxiliary",affixation,NC,---,---,"repeated, multidirectional","iterative, standard habitual",>1
109,,Nggem,nbq,ngge1241,Trans New Guinea: Dani,-3.62735,139.011,Etherington 2002,NA,"Etherington, Paul Anthony. 2002. Nggem Morphology and Syntax. Darwin: Northern Territory University MA thesis.",NA,,,,,,,
110,,Wano,wno,wano1243,Trans New Guinea: Dani,-3.47858,137.678,Burung 2017,NA,"Burung, Willem. 2017. A grammar of Wano. Oxford: University of Oxford dissertation.",NA,,,,,,,
111,,East Kewa,kjs,east2516,Trans New Guinea: Enga-Kewa-Huli,-6.32989,143.931,Yarapea 2013,NA,"Yarapea, Apoi Mason. 2013. The Kewapi language of Papua New Guinea. Port Moresby: Papua New Guinea University Press.",NA,,,,,,,
112,,West Kewa,kew,west2599,Trans New Guinea: Enga-Kewa-Huli,-6.32097,143.73,Franklin 1971,NA,"Franklin, Karl J. 1971. A grammar of Kewa, New Guinea. (Pacific Linguistics: Series C, 16.) Canberra: Research School of Pacific and Asian Studies, Australian National University.",NA,,,,,,,
113,,Lembena,leq,lemb1266,Trans New Guinea: Enga-Kewa-Huli,-4.99504,143.891,Heineman 1998,NA,"Heineman, Paul. 1998. A grammar of Lembena. Ms.",NA,,,,,,,
114,,Rawa,rwo,rawa1267,Trans New Guinea: Finisterre-Huon,-5.83155,145.937,Toland & Toland 1991,NA,"Toland, Norma & Donald Toland. 1991. Reference grammar of the Karo/Rawa language. (Data Papers on Papua New Guinea Languages, 38.) Ukarumpa: Summer Institute of Linguistics.",NA,,,,,,,
115,,Nukna,klt,nukn1238,Trans New Guinea: Finisterre-Huon,-6.0177,146.969,Taylor 2015,NA,"Taylor, Matthew A. 2015. Nukna Grammar Sketch. (Data Papers on Papua New Guinea Languages, 61.) Data Papers on Papua New Guinea Languages. Ukarumpa: Summer Institute of Linguistics.",NA,,,,,,,
116,106,Nankina,nnk,nank1250,Trans New Guinea: Finisterre-Huon,-5.80804,146.464,Spaulding & Spaulding 1994,"144, 41-43","Spaulding, Craig & Pat Spaulding. 1994. Phonology and Grammar of Nankina. (Data Papers on Papua New Guinea Languages, 41.) Ukarumpa, Papua New Guinea: Unpublished Typescript, The Summer Institute of Linguistics.",suffix pɅη-,affixation,restricted,P,P,---,---,>1
117,,Nabak,naf,naba1256,Trans New Guinea: Finisterre-Huon,-6.42709,146.966,Fabian et al. 1998,NA,"Fabian, Grace, Edmund Fabian & Bruce Waters. 1998. Morphology, Syntax and Cohesion in Nabak, Papua New Guinea. (Pacific Linguistics: Series C, 144.) Pacific Linguistics. Canberra: Research School of Pacific and Asian Studies, Australian National University.",NA,,,,,,,
118,,Kulungtfu-Yuanggeng-Tobo,kgf,kube1244,Trans New Guinea: Finisterre-Huon,-6.42586,147.536,Lee 2014 [1993],NA,"Lee, Yongseop. 2014 [1993]. Kube grammar essentials. Ms.",NA,,,,,,,
119,,Selepet,spl,sele1250,Trans New Guinea: Finisterre-Huon,-6.03532,147.234,McElhanon 1970,NA,"McElhanon, Kenneth A. 1970. The Selepet language within the Finisterre-Huon phylum (New Guinea). Canberra: Australian National University dissertation.",NA,,,,,,,
120,107,Ma Manda,skc,sauk1252,Trans New Guinea: Finisterre-Huon,-6.31958,146.759,Pennington 2018,"332-333, 417-419","Pennington, Ryan. 2018. A grammar of Ma Manda: A Papuan language of Morobe Province, Papua New Guinea. (Outstanding grammars from Australia, 18.) München: LINCOM.","stem alternation, initial t/f alternation",irregular stem alternation,16 verbs,P,P ,---,---,>1
121,108,Awara,awx,awar1248,Trans New Guinea: Finisterre-Huon,-6.16986,146.372,Quigley & Quigley 2011,164-165,"Quigley, Edward C. & Susan R. Quigley. 2011. The phonology and verbal system of Awara, a Papuan language of the Finisterre Range, Papua New Guinea. (Pacific Linguistics, 629.) Canberra: Pacific Linguistics, School of Culture, History and Language, College of Asia and the Pacific, Australian National University.",prefixes p- / ya-,affixation,7 verbs,P,P ,---,---,>1
122,109,Yau-Nungon,yuw,yaum1237,Trans New Guinea: Finisterre-Huon,-6.08274,146.841,Sarvasy 2017,250,"Sarvasy, Hannah S. 2017. A Grammar of Nungon: A Papuan Language of Northeast New Guinea. Leiden: Brill.",prefix h-,affixation,restricted,P,P ,---,---,>1
123,,Komba,kpf,komb1273,Trans New Guinea: Finisterre-Huon,-6.16163,147.28,Southwell 1979,NA,"Southwell, Neville. 1979. Komba grammar sketch. Ms.",NA,,,,,,,
124,,Iyo,nca,iyoo1238,Trans New Guinea: Finisterre-Huon,-5.84161,146.092,Minter 2009,NA,"Minter, Paul. 2009. Iyo Grammar Sketch. (Data Papers on Papua New Guinea Languages, 56.) Ukarumpa, Papua New Guinea: SIL-PNG Academic Publications.",NA,,,,,,,
125,110,Suena,sue,suen1241,Trans New Guinea: Greater Binanderean,-7.76339,147.534,Wilson 1974,163-164,"Wilson, Darryl. 1974. Suena grammar. (Workpapers in Papua New Guinea Languages, 8.) Ukarumpa: Summer Institute of Linguistics.",partial reduplication,reduplication,NC,S/P,S/P ,---,---,>1
125,111,Suena,sue,suen1241,Trans New Guinea: Greater Binanderean,-7.76339,147.534,Wilson 1974,167-168,"Wilson, Darryl. 1974. Suena grammar. (Workpapers in Papua New Guinea Languages, 8.) Ukarumpa: Summer Institute of Linguistics.",full reduplication,reduplication,NC,---,---,repetitive,---,NC
126,112,Baruga,bjz,baru1269,Trans New Guinea: Greater Binanderean,-9.40132,148.761,Farr et al. 1996,10-11,"Farr, Cynthia J. M., Bomi Terrence Furoke & James Buyers Farr. 1996. Tafota Baruga Grammar Notes. Ms.","reduplication, suffixation, stem alternation",regular stem alternation,productive,S/A,S/A ,---,---,>2
127,,Fore,for,fore1270,Trans New Guinea: Kainantu-Goroka,-6.64473,145.5065,Scott 1978,NA,"Scott, Graham. 1978. The Fore Language of Papua New Guinea. (Pacific Linguistics: Series B, 47.) Pacific Linguistics: Series B. Canberra: Research School of Pacific and Asian Studies, Australian National University.",NA,,,,,,,
128,,Yagaria,ygr,yaga1260,Trans New Guinea: Kainantu-Goroka,-6.32432,145.388,Haiman 1980,NA,"Haiman, John. 1980. HUA: A Papuan Language of the Eastern Highlands of New Guinea. (Studies in Language: Companion Series, 5.) Amsterdam: John Benjamins. doi: 10.1075/slcs.5.",NA,,,,,,,
129,113,Kanite,kmu,kani1286,Trans New Guinea: Kainantu-Goroka,-6.38841,145.556,Gibson & McCarthy 2003,39,"Gibson, Gwen & Joy McCarthy. 2003. Kanite grammar sketch. unpublished.",suffix -te,affixation,NC,---,---,repeated?,iterative,NC
130,114,Awa,awb,awap1236,Trans New Guinea: Kainantu-Goroka,-6.65534,145.714,Loving & McKaughan 1973,49,"Loving, Richard & Howard McKaughan. 1973. Awa. In Howard McKaughan (ed.), The Languages of the Eastern Family of the East New Guinea Highland Stock (Anthropological Studies in the Eastern Highlands of New Guinea 1), 6-174. Seattle: University of Washington Press.",suffix -chq,affixation,NC,---,---,repeated?,iterative,NC
131,,Awiyaana,auy,awiy1238,Trans New Guinea: Kainantu-Goroka,-6.54079,145.76,Marks 1974,NA,"Marks, Doreen. 1974. Kosena grammar. SIL, Ukarumpa: Ms.",NA,,,,,,,
132,,Alekano,gah,alek1238,Trans New Guinea: Kainantu-Goroka,-6.03901,145.387,Deibler 2000,NA,"Deibler, Ellis W. 2000. How to speak Alekano. Ukarumpa: Summer Institute of Linguistics.",NA,,,,,,,
133,115,Waskia,wsk,wask1241,Trans New Guinea: Madang,-4.57978,145.979,Ross & Paol 1978,65-66,"Ross, Malcolm & John Natu Paol. 1978. A Waskia Grammar Sketch and Vocabulary. (Pacific Linguistics: Series B, 56.) Canberra: Research School of Pacific and Asian Studies, Australian National University.",infix -ndi-,affixation,productive,P,P ,---,---,>1
134,116,Maia,sks,maia1254,Trans New Guinea: Madang,-4.50212,145.096,Hardin 2002,48,"Hardin, Barbara. 2002. Maia Grammar Essentials. Ms. (Unpublished manuscript. SIL archives, Ukarumpa, Papua New Guinea).",suffix -lava,affixation,NC,---,"S/P, resultative",---,,NC
134,117,Maia,sks,maia1254,Trans New Guinea: Madang,-4.50212,145.096,Hardin 2002,48-50,"Hardin, Barbara. 2002. Maia Grammar Essentials. Ms. (Unpublished manuscript. SIL archives, Ukarumpa, Papua New Guinea).","full reduplication, partial reduplication",reduplication,NC,---,P resultutive,"repetitive, repeated",---,NC
135,118,Mauwake,mhl,mauw1238,Trans New Guinea: Madang,-4.52416,145.394,Berghäll 2015,"140-141, 300-301","Berghäll, Liisa. 2015. A grammar of Mauwake. (Studies in Diversity Linguistics, 4.) Berlin: Language Science Press. doi: 10.17169/langsci.b67.96.",suffix -urum,affixation,productive,S/P/R/BEN total,S/P/R/BEN total,---,---,NC
135,119,Mauwake,mhl,mauw1238,Trans New Guinea: Madang,-4.52416,145.394,Berghäll 2015,"140-141, 300-301","Berghäll, Liisa. 2015. A grammar of Mauwake. (Studies in Diversity Linguistics, 4.) Berlin: Language Science Press. doi: 10.17169/langsci.b67.96.",suffix -omak,affixation,productive,S/P/R/BEN,S/P/R/BEN,---,---,NC
135,120,Mauwake,mhl,mauw1238,Trans New Guinea: Madang,-4.52416,145.394,Berghäll 2015,"142-143, 300-301","Berghäll, Liisa. 2015. A grammar of Mauwake. (Studies in Diversity Linguistics, 4.) Berlin: Language Science Press. doi: 10.17169/langsci.b67.96.",partial reduplication,reduplication,productive,---,"P, resultative",?,---,NC
136,121,Pamosu,hih,pamo1253,Trans New Guinea: Madang,-4.69874,145.288,Tupper 2012,"349-350, 415-423","Tupper, Ian. 2012. A grammar of Pamosu. LaTrobe University dissertation.",suffix -omand and its allomorphs,affixation,NC,---,"S/P, S/P spatial",---,---,NC
137,122,Usan,wnu,usan1239 ,Trans New Guinea: Madang,-4.84265,145.362,Reesink 1987,111-112,"Reesink, Ger P. 1987. Structures and their Functions in Usan: A Papuan Language of Papua New Guinea. (Studies in Language: Companion Series, 13.) Amsterdam: John Benjamins.",suffix -ri,affixation,productive,---,S/P,---,---,NC
138,123,Amele,aey,amel1241,Trans New Guinea: Madang,-5.29126,145.687,Roberts 2016,128,"Roberts, John R. 2016. Amele RRG Grammatical Sketch. SIL, International.",suffix -ad,affixation,productive,---,"S, diversative, cislocative",---,---,>2
138,124,Amele,aey,amel1241,Trans New Guinea: Madang,-5.29126,145.687,Roberts 2016,130,"Roberts, John R. 2016. Amele RRG Grammatical Sketch. SIL, International.",full reduplication,reduplication,NC,---,---,repeated,---,NC
138,125,Amele,aey,amel1241,Trans New Guinea: Madang,-5.29126,145.687,Roberts 2016,130,"Roberts, John R. 2016. Amele RRG Grammatical Sketch. SIL, International.",full reduplication + vowel change,regular stem alternation,NC,---,---,discontinuative,---,NC
139,,Girawa,bbr,gira1247,Trans New Guinea: Madang,-5.35342,145.423,Gasaway & Sims 1992,NA,"Gasaway, Eileen & Heather Sims. 1992. Girawa grammar. Ukarumpa: Summer Institute of Linguistics.",NA,,,,,,,
140,126,Kobon,kpw,kobo1249,Trans New Guinea: Madang,-5.16446,144.46,Davies 1981,172-174,"Davies, John. 1981. Kobon. (Lingua Descriptive Studies, 3.) Amsterdam: North-Holland.","full reduplication, sometimes also affixation",reduplication,NC,---,---,continuative,"iterative, characteristic habitual",NC
141,127,Anamuxra,imi,anam1248,Trans New Guinea: Madang,-4.63762,144.991,Ingram 2001,228,"Ingram, Andrew. 2001. Anamuxra: A Language of Madang Province, Papua New Guinea. University of Sydney dissertation.",suffix -ram(a),affixation,NC,---,P resultative,?,---,NC
142,,Manat,pmr,payn1244,Trans New Guinea: Madang,-4.94303,144.879,Daniels 2015,NA,"Daniels, Don. 2015. A Reconstruction of Proto-Sogeram: Phonology, Lexicon, and Morphosyntax. University of California at Santa Barbara doctoral dissertation.",NA,,,,,,,
143,128,Mand,ate,atem1241,Trans New Guinea: Madang,-5.08137,144.806,Daniels 2015,448-449,"Daniels, Don. 2015. A Reconstruction of Proto-Sogeram: Phonology, Lexicon, and Morphosyntax. University of California at Santa Barbara doctoral dissertation.",stem alternation,irregular stem alternation,5 verbs attested,S,S ,---,---,>1
144,,Aisi,mmq,musa1266,Trans New Guinea: Madang,-5.37407,145.197,Daniels 2015,NA,"Daniels, Don. 2015. A Reconstruction of Proto-Sogeram: Phonology, Lexicon, and Morphosyntax. University of California at Santa Barbara doctoral dissertation.",NA,,,,,,,
145,,Gants,gao,gant1244,Trans New Guinea: Madang,-5.28113,144.771,Daniels 2015,NA,"Daniels, Don. 2015. A Reconstruction of Proto-Sogeram: Phonology, Lexicon, and Morphosyntax. University of California at Santa Barbara doctoral dissertation.",NA,,,,,,,
146,,Kulsab,faj,fait1240,Trans New Guinea: Madang,-5.59947,145.298,Daniels 2015,NA,"Daniels, Don. 2015. A Reconstruction of Proto-Sogeram: Phonology, Lexicon, and Morphosyntax. University of California at Santa Barbara doctoral dissertation.",NA,,,,,,,
147,129,Sirva,sbq,sile1255,Trans New Guinea: Madang,-4.98243,145.225,Daniels 2015,670,"Daniels, Don. 2015. A Reconstruction of Proto-Sogeram: Phonology, Lexicon, and Morphosyntax. University of California at Santa Barbara doctoral dissertation.",suffix -vara,affixation,NC,P,P ,---,---,NC
148,130,Siroi,ssd,siro1249,Trans New Guinea: Madang,-5.52893,145.994,Wells 1979,29,"Wells, Margaret A. 1979. Siroi Grammar. (Pacific Linguistics: Series B, 51.) Pacific Linguistics: Series B. Canberra: Research School of Pacific and Asian Studies, Australian National University.",stem alternation,irregular stem alternation,restricted,P,P ,---,---,>1
148,131,Siroi,ssd,siro1249,Trans New Guinea: Madang,-5.52893,145.994,Wells 1979,36,"Wells, Margaret A. 1979. Siroi Grammar. (Pacific Linguistics: Series B, 51.) Pacific Linguistics: Series B. Canberra: Research School of Pacific and Asian Studies, Australian National University.",full reduplication,reduplication,NC,---,---,repetitive,---,NC
149,132,Kesawai,xes,kesa1244,Trans New Guinea: Madang,-5.76797,145.58,Priestley 2020,351-354,"Priestley, Carol. 2008. A grammar of Koromu (Kesawai), a Trans New Guinea language of Papua New Guinea. Australian National University dissertation.","full reduplication, partial reduplication",reduplication,NC,---,S/P total dispersive?,"repetitive, multidirectional",---,NC
150,133,Tauya,tya,tauy1241 ,Trans New Guinea: Madang,-5.74255,145.366,MacDonald 1990,11,"MacDonald, Lorna. 1990. A Grammar of Tauya. (Mouton Grammar Library, 6.) Berlin: Mouton de Gruyter. doi: 10.1515/9783110846027.",stem alternation,irregular stem alternation,2 verbs,S/P,S/P ,---,---,>1
151,134,Eipomek,eip,eipo1242,Trans New Guinea: Mek,-4.33691,140.045,Heeschen 1998,225,"Heeschen, Volker. 1998. An Ethnographic Grammar of the Eipo Language. (Mensch, Kultur und Umwelt im Zentralen Bergland von West-Neuguinea, 23.) Berlin: Dietrich Reimer.",-n- formation,regular stem alternation,NC,---,P ,"repetitive, spatial",usitative?,NC
152,,Una,mtg,unaa1239 ,Trans New Guinea: Mek,-4.69676,140.1,Louwerse 1988,NA,"Louwerse, John. 1988. The Morphosyntax of Una in Relation to Discourse Structure. (Pacific Linguistics: Series B, 100.) Canberra: Research School of Pacific and Asian Studies, Australian National University.",NA,,,,,,,
153,135,Auye,auu,auye1238,Trans New Guinea: Paniai Lakes,-3.43705,136.096,Moxness 2003,58-59,"Moxness, Michael E. 2003. Auye Grammar. Ms.",suffix -(yag)ii,affixation,NC,---,"S/P, ventive, resultative",---,---,NC
153,136,Auye,auu,auye1238,Trans New Guinea: Paniai Lakes,-3.43705,136.096,Moxness 2003,59,"Moxness, Michael E. 2003. Auye Grammar. Ms.",full reduplication,reduplication,NC,---,---,?,standard habitual,NC
153,137,Auye,auu,auye1238,Trans New Guinea: Paniai Lakes,-3.43705,136.096,Moxness 2003,59-60,"Moxness, Michael E. 2003. Auye Grammar. Ms.",suffix -ge(e),affixation,NC,---,---,---,standard habitual,NC
153,138,Auye,auu,auye1238,Trans New Guinea: Paniai Lakes,-3.43705,136.096,Moxness 2003,59-60,"Moxness, Michael E. 2003. Auye Grammar. Ms.",suffix -pege(e),affixation,NC,---,A ,---,,NC
153,139,Auye,auu,auye1238,Trans New Guinea: Paniai Lakes,-3.43705,136.096,Moxness 2003,60,"Moxness, Michael E. 2003. Auye Grammar. Ms.",suffix -na(a),affixation,NC,---,---,---,spatial?,NC
153,140,Auye,auu,auye1238,Trans New Guinea: Paniai Lakes,-3.43705,136.096,Moxness 2003,60,"Moxness, Michael E. 2003. Auye Grammar. Ms.",suffix -da(a),affixation,NC,---,S dispersive,---,---,NC
154,141,Tehit,kps,tehi1237,West Bird's Head,-1.51049,131.985,Flassy 1991,37-38,"Flassy, Don A. L. 1991. Grammar Sketch of Tehit, a Toror Language, the West Doberai Peninsula, New Guinea (Irian Jaya). Rijksuniversiteit te Leiden MA thesis.",vowel alternation,regular stem alternation,restricted,S/A,S/A ,---,---,>1
155,142,Kalamang,kgv,kara1499,West Bomberai,-3.47037,132.678,Visser 2022,264-267,"Visser, Eline. 2022. A grammar of Kalamang. (Comprehensive Grammar Library, 4.) In Visser, Eline (ed.) Berlin: Language Science Press. doi: 10.5281/zenodo.6499927.","full reduplication, partial reduplication",reduplication,NC,---,S ,repeated?,standard habitual,NC
155,143,Kalamang,kgv,kara1499,West Bomberai,-3.47037,132.678,Visser 2022,360,"Visser, Eline. 2022. A grammar of Kalamang. (Comprehensive Grammar Library, 4.) In Visser, Eline (ed.) Berlin: Language Science Press. doi: 10.5281/zenodo.6499927.",suffix -p,affixation,restricted,---,S ,---,---,NC
156,144,Yale,nce,yale1246,Yale,-3.79762,141.566,Aannestad et al. 2020,48-49,"Aannestad, Aidan, Carl Campbell & Jody Campbell. 2020. Towards a grammar of the Yale language: taking another look at archived field data. Ukarumpa: Unpublished Manuscript, Summer Institute of Linguistics.","full reduplication, partial reduplication",reduplication,NC,---,P ,?,---,NC (may be mass nouns)
156,145,Yale,nce,yale1246,Yale,-3.79762,141.566,Aannestad et al. 2020,50,"Aannestad, Aidan, Carl Campbell & Jody Campbell. 2020. Towards a grammar of the Yale language: taking another look at archived field data. Ukarumpa: Unpublished Manuscript, Summer Institute of Linguistics.",stem alternation,irregular stem alternation,2 verbs,P ?,P ?,---,---,NC
157,146,Ngkontar Ngkolmpu,kcd,ngka1235,Yam,-8.87044,140.818,Carroll 2017,247-277,"Carroll, Matthew. 2017. The Ngkolmpu Language with special reference to distributed exponence. Canberra: Australian National University dissertation.",extended stem + durative affixes,complex,restricted,S/P,S/P ,repeated?,"iterative, standard habitual",>2
158,,Nama,nmx,nama1266,Yam,-8.66403,141.706,Siegel 2023,NA,"Siegel, Jeff. 2023. A Grammar of Nama: A Papuan Language of Southern New Guinea. (Pacific Linguistics, 668.) Berlin: DeGruyter Mouton.",NA,,,,,,,
159,,Nen,nqn,nenn1238,Yam,-8.62183,142.032,Evans 2011,NA,"Evans, Nicholas. 2011. A draft grammar of Nen Zi. Ms.",NA,,,,,,,
160,147,Arammba,stk,aram1253,Yam,-8.29593,141.445,Boevé & Boevé 1999,19-20,"Boevé, Alma & Marco Boevé. 1999. Arammba grammar essentials. Ukarumpa: SIL Unpublished Ms.",stem alternation,irregular stem alternation,NC,S/A/P,S/A/P ,neutral?,iterative?,>2
161,148,Anta-Komnzo-Wára-Wérè-Kémä,tci,wara1294,Yam,-8.64917,141.52,Döhler 2016,300-303,"Döhler, Christian. 2016. Komnzo: A language of Southern New Guinea. Australian National University dissertation.",restricted stem + durative/imperfective affixes,complex,productive,---,---,---,standard habitual,NC
162,149,Ránmo,bfh,blaf1238,Yam,-8.56161,141.226,Lee 2016,,"Lee, Jenny. 2016. Pluractionality in Ranmo. Oceanic Linguistics. 55. 25-51. 10.1353/ol.2016.0005.","stem alternation, irregular affixation",irregular stem alternation,productive,S/P,S/P ,"repetitive, repeated",iterative,>1
163,150,Warta Thuntai ,gnt,gunt1241,Yam,-8.80806,141.253,Quinn 2014,41-48,"Quinn, Kyla. 2014. A description of the verbal morphology of Wartha Thuntai. Australian National University MA thesis.",suffix -oi,affixation,productive,S/A,S/A ,?,standard habitual,>2
164,,Yele,yle,yele1255,Yele,-11.3796,154.127,Levinson 2022,NA,"Levinson, Stephen C. 2022. A Grammar of Yélî Dnye: The Papuan Language of Rossel Island. (Pacific Linguistics, 666.) Berlin, Boston: Berlin: Mouton. doi: 10.1515/9783110733853.",NA,,,,,,,